strategy,rouge1,rouge2,rougeL,bleu,bertscore
baseline,0.21933500019992366,0.02724677087759534,0.12202897078197605,0.0023878171400422542,0.7760592661423867
